split,w_anger,w_frust,threshold,TP,FP,FN,TN,handover_precision,handover_recall,handover_f1,frustration_recall
val,0.5,0.5,0.1,143,133,72,610,0.5181159420289855,0.6651162790697674,0.5824847250509164,0.675
test,0.5,0.5,0.1,323,437,140,1429,0.425,0.6976241900647948,0.5282093213409649,0.54
val,0.5,0.5,0.12,136,115,79,628,0.5418326693227091,0.6325581395348837,0.5836909871244635,0.625
test,0.5,0.5,0.12,316,388,147,1478,0.44886363636363635,0.6825053995680346,0.5415595544130248,0.54
val,0.5,0.5,0.14,130,109,85,634,0.5439330543933054,0.6046511627906976,0.5726872246696035,0.6
test,0.5,0.5,0.14,305,361,158,1505,0.45795795795795796,0.6587473002159827,0.5403011514614703,0.52
val,0.5,0.5,0.16,125,103,90,640,0.5482456140350878,0.5813953488372093,0.5643340857787811,0.6
test,0.5,0.5,0.16,297,339,166,1527,0.4669811320754717,0.6414686825053996,0.54049135577798,0.52
val,0.5,0.5,0.18,118,90,97,653,0.5673076923076923,0.5488372093023256,0.5579196217494089,0.55
test,0.5,0.5,0.18,289,313,174,1553,0.48006644518272423,0.6241900647948164,0.5427230046948357,0.46
val,0.5,0.5,0.2,114,84,101,659,0.5757575757575758,0.5302325581395348,0.5520581113801453,0.525
test,0.5,0.5,0.2,280,293,183,1573,0.4886561954624782,0.6047516198704104,0.5405405405405406,0.46
val,0.5,0.5,0.22,112,79,103,664,0.5863874345549738,0.5209302325581395,0.5517241379310345,0.525
test,0.5,0.5,0.22,268,274,195,1592,0.4944649446494465,0.5788336933045356,0.5333333333333333,0.44
val,0.5,0.5,0.24,111,74,104,669,0.6,0.5162790697674419,0.555,0.525
test,0.5,0.5,0.24,262,253,201,1613,0.5087378640776699,0.5658747300215983,0.5357873210633947,0.44
val,0.5,0.5,0.26,108,67,107,676,0.6171428571428571,0.5023255813953489,0.5538461538461538,0.5
test,0.5,0.5,0.26,256,237,207,1629,0.5192697768762677,0.5529157667386609,0.5355648535564853,0.44
val,0.5,0.5,0.28,101,64,114,679,0.6121212121212121,0.4697674418604651,0.5315789473684209,0.45
test,0.5,0.5,0.28,252,219,211,1647,0.535031847133758,0.5442764578833693,0.5396145610278372,0.42
val,0.5,0.5,0.3,101,63,114,680,0.6158536585365854,0.4697674418604651,0.5329815303430079,0.45
test,0.5,0.5,0.3,244,196,219,1670,0.5545454545454546,0.5269978401727862,0.5404208194905868,0.38
val,0.5,0.5,0.32,98,59,117,684,0.6242038216560509,0.4558139534883721,0.5268817204301075,0.45
test,0.5,0.5,0.32,236,182,227,1684,0.5645933014354066,0.509719222462203,0.5357548240635641,0.38
val,0.5,0.5,0.34,94,52,121,691,0.6438356164383562,0.4372093023255814,0.520775623268698,0.425
test,0.5,0.5,0.34,226,167,237,1699,0.5750636132315522,0.48812095032397407,0.52803738317757,0.36
val,0.5,0.5,0.36,93,49,122,694,0.6549295774647887,0.4325581395348837,0.5210084033613446,0.4
test,0.5,0.5,0.36,216,157,247,1709,0.579088471849866,0.46652267818574517,0.5167464114832537,0.32
val,0.5,0.5,0.38,87,45,128,698,0.6590909090909091,0.4046511627906977,0.5014409221902016,0.35
test,0.5,0.5,0.38,207,141,256,1725,0.5948275862068966,0.4470842332613391,0.5104808877928483,0.3
val,0.5,0.5,0.4,82,44,133,699,0.6507936507936508,0.3813953488372093,0.4809384164222874,0.325
test,0.5,0.5,0.4,199,130,264,1736,0.6048632218844985,0.4298056155507559,0.5025252525252525,0.3
val,0.55,0.45,0.1,147,134,68,609,0.5231316725978647,0.6837209302325581,0.5927419354838709,0.675
test,0.55,0.45,0.1,325,442,138,1424,0.423728813559322,0.7019438444924406,0.5284552845528455,0.54
val,0.55,0.45,0.12,138,118,77,625,0.5390625,0.641860465116279,0.5859872611464968,0.65
test,0.55,0.45,0.12,318,396,145,1470,0.44537815126050423,0.6868250539956804,0.54035683942226,0.54
val,0.55,0.45,0.14,131,111,84,632,0.5413223140495868,0.6093023255813953,0.5733041575492341,0.6
test,0.55,0.45,0.14,309,364,154,1502,0.4591381872213967,0.6673866090712743,0.5440140845070423,0.52
val,0.55,0.45,0.16,127,99,88,644,0.5619469026548672,0.5906976744186047,0.5759637188208616,0.6
test,0.55,0.45,0.16,300,339,163,1527,0.4694835680751174,0.6479481641468683,0.544464609800363,0.5
val,0.55,0.45,0.18,123,94,92,649,0.5668202764976958,0.5720930232558139,0.5694444444444444,0.575
test,0.55,0.45,0.18,292,322,171,1544,0.4755700325732899,0.6306695464362851,0.5422469823584031,0.48
val,0.55,0.45,0.2,117,85,98,658,0.5792079207920792,0.5441860465116279,0.5611510791366907,0.55
test,0.55,0.45,0.2,281,300,182,1566,0.4836488812392427,0.6069114470842333,0.5383141762452107,0.46
val,0.55,0.45,0.22,114,79,101,664,0.5906735751295337,0.5302325581395348,0.5588235294117647,0.525
test,0.55,0.45,0.22,275,271,188,1595,0.5036630036630036,0.593952483801296,0.5450941526263627,0.44
val,0.55,0.45,0.24,112,75,103,668,0.5989304812834224,0.5209302325581395,0.5572139303482586,0.525
test,0.55,0.45,0.24,266,262,197,1604,0.5037878787878788,0.5745140388768899,0.5368314833501514,0.44
val,0.55,0.45,0.26,111,70,104,673,0.6132596685082873,0.5162790697674419,0.5606060606060607,0.525
test,0.55,0.45,0.26,260,240,203,1626,0.52,0.5615550755939525,0.5399792315680166,0.42
val,0.55,0.45,0.28,106,65,109,678,0.6198830409356725,0.4930232558139535,0.5492227979274612,0.5
test,0.55,0.45,0.28,254,224,209,1642,0.5313807531380753,0.5485961123110151,0.5398512221041446,0.4
val,0.55,0.45,0.3,102,63,113,680,0.6181818181818182,0.4744186046511628,0.5368421052631579,0.45
test,0.55,0.45,0.3,250,210,213,1656,0.5434782608695652,0.5399568034557235,0.541711809317443,0.4
val,0.55,0.45,0.32,101,61,114,682,0.6234567901234568,0.4697674418604651,0.5358090185676393,0.45
test,0.55,0.45,0.32,243,187,220,1679,0.5651162790697675,0.5248380129589633,0.5442329227323629,0.36
val,0.55,0.45,0.34,98,57,117,686,0.632258064516129,0.4558139534883721,0.5297297297297296,0.45
test,0.55,0.45,0.34,234,171,229,1695,0.5777777777777777,0.5053995680345572,0.5391705069124424,0.34
val,0.55,0.45,0.36,94,54,121,689,0.6351351351351351,0.4372093023255814,0.5179063360881543,0.4
test,0.55,0.45,0.36,228,160,235,1706,0.5876288659793815,0.4924406047516199,0.5358401880141012,0.34
val,0.55,0.45,0.38,93,49,122,694,0.6549295774647887,0.4325581395348837,0.5210084033613446,0.4
test,0.55,0.45,0.38,217,149,246,1717,0.592896174863388,0.468682505399568,0.5235223160434257,0.32
val,0.55,0.45,0.4,90,48,125,695,0.6521739130434783,0.4186046511627907,0.5099150141643058,0.35
test,0.55,0.45,0.4,210,138,253,1728,0.603448275862069,0.4535637149028078,0.5178791615289765,0.32
val,0.6,0.4,0.1,148,132,67,611,0.5285714285714286,0.6883720930232559,0.5979797979797981,0.65
test,0.6,0.4,0.1,326,441,137,1425,0.42503259452411996,0.7041036717062635,0.5300813008130082,0.54
val,0.6,0.4,0.12,140,123,75,620,0.532319391634981,0.6511627906976745,0.5857740585774059,0.65
test,0.6,0.4,0.12,320,399,143,1467,0.44506258692628653,0.6911447084233261,0.541455160744501,0.54
val,0.6,0.4,0.14,131,113,84,630,0.5368852459016393,0.6093023255813953,0.5708061002178649,0.6
test,0.6,0.4,0.14,310,365,153,1501,0.45925925925925926,0.6695464362850972,0.5448154657293497,0.54
val,0.6,0.4,0.16,127,97,88,646,0.5669642857142857,0.5906976744186047,0.5785876993166287,0.6
test,0.6,0.4,0.16,304,347,159,1519,0.46697388632872505,0.6565874730021598,0.5457809694793537,0.48
val,0.6,0.4,0.18,125,92,90,651,0.576036866359447,0.5813953488372093,0.5787037037037037,0.6
test,0.6,0.4,0.18,294,325,169,1541,0.47495961227786754,0.6349892008639308,0.543438077634011,0.48
val,0.6,0.4,0.2,120,85,95,658,0.5853658536585366,0.5581395348837209,0.5714285714285714,0.55
test,0.6,0.4,0.2,288,303,175,1563,0.4873096446700508,0.6220302375809935,0.5464895635673624,0.46
val,0.6,0.4,0.22,116,81,99,662,0.5888324873096447,0.5395348837209303,0.5631067961165048,0.525
test,0.6,0.4,0.22,278,279,185,1587,0.4991023339317774,0.6004319654427646,0.5450980392156863,0.46
val,0.6,0.4,0.24,114,75,101,668,0.6031746031746031,0.5302325581395348,0.5643564356435643,0.525
test,0.6,0.4,0.24,271,254,192,1612,0.5161904761904762,0.5853131749460043,0.548582995951417,0.42
val,0.6,0.4,0.26,112,71,103,672,0.6120218579234973,0.5209302325581395,0.5628140703517588,0.525
test,0.6,0.4,0.26,260,246,203,1620,0.5138339920948617,0.5615550755939525,0.5366357069143447,0.4
val,0.6,0.4,0.28,109,69,106,674,0.6123595505617978,0.5069767441860465,0.55470737913486,0.5
test,0.6,0.4,0.28,257,232,206,1634,0.5255623721881391,0.5550755939524838,0.5399159663865547,0.38
val,0.6,0.4,0.3,106,63,109,680,0.6272189349112426,0.4930232558139535,0.5520833333333334,0.5
test,0.6,0.4,0.3,251,212,212,1654,0.5421166306695464,0.5421166306695464,0.5421166306695464,0.36
val,0.6,0.4,0.32,102,61,113,682,0.6257668711656442,0.4744186046511628,0.5396825396825397,0.45
test,0.6,0.4,0.32,248,198,215,1668,0.5560538116591929,0.5356371490280778,0.5456545654565457,0.36
val,0.6,0.4,0.34,100,61,115,682,0.6211180124223602,0.46511627906976744,0.5319148936170213,0.425
test,0.6,0.4,0.34,239,181,224,1685,0.569047619047619,0.5161987041036717,0.5413363533408834,0.34
val,0.6,0.4,0.36,98,57,117,686,0.632258064516129,0.4558139534883721,0.5297297297297296,0.425
test,0.6,0.4,0.36,231,166,232,1700,0.5818639798488665,0.49892008639308855,0.5372093023255815,0.34
val,0.6,0.4,0.38,95,54,120,689,0.6375838926174496,0.4418604651162791,0.521978021978022,0.4
test,0.6,0.4,0.38,224,152,239,1714,0.5957446808510638,0.4838012958963283,0.533969010727056,0.3
val,0.6,0.4,0.4,87,50,128,693,0.635036496350365,0.4046511627906977,0.4943181818181818,0.3
test,0.6,0.4,0.4,212,137,251,1729,0.6074498567335244,0.45788336933045354,0.5221674876847291,0.28
val,0.65,0.35,0.1,148,133,67,610,0.5266903914590747,0.6883720930232559,0.5967741935483871,0.65
test,0.65,0.35,0.1,326,438,137,1428,0.42670157068062825,0.7041036717062635,0.5313773431132846,0.54
val,0.65,0.35,0.12,142,127,73,616,0.5278810408921933,0.6604651162790698,0.5867768595041323,0.65
test,0.65,0.35,0.12,320,400,143,1466,0.4444444444444444,0.6911447084233261,0.5409974640743872,0.54
val,0.65,0.35,0.14,134,113,81,630,0.5425101214574899,0.6232558139534884,0.58008658008658,0.6
test,0.65,0.35,0.14,309,372,154,1494,0.45374449339207046,0.6673866090712743,0.5402097902097902,0.5
val,0.65,0.35,0.16,130,95,85,648,0.5777777777777777,0.6046511627906976,0.5909090909090908,0.6
test,0.65,0.35,0.16,305,347,158,1519,0.4677914110429448,0.6587473002159827,0.547085201793722,0.48
val,0.65,0.35,0.18,127,89,88,654,0.5879629629629629,0.5906976744186047,0.5893271461716937,0.6
test,0.65,0.35,0.18,296,326,167,1540,0.4758842443729904,0.6393088552915767,0.5456221198156683,0.48
val,0.65,0.35,0.2,123,87,92,656,0.5857142857142857,0.5720930232558139,0.5788235294117646,0.575
test,0.65,0.35,0.2,289,307,174,1559,0.4848993288590604,0.6241900647948164,0.5457979225684608,0.48
val,0.65,0.35,0.22,119,80,96,663,0.5979899497487438,0.5534883720930233,0.5748792270531401,0.55
test,0.65,0.35,0.22,279,278,184,1588,0.5008976660682226,0.6025917926565875,0.5470588235294117,0.44
val,0.65,0.35,0.24,115,78,100,665,0.5958549222797928,0.5348837209302325,0.5637254901960783,0.525
test,0.65,0.35,0.24,273,263,190,1603,0.5093283582089553,0.5896328293736501,0.5465465465465466,0.4
val,0.65,0.35,0.26,113,73,102,670,0.6075268817204301,0.5255813953488372,0.5635910224438903,0.525
test,0.65,0.35,0.26,266,244,197,1622,0.5215686274509804,0.5745140388768899,0.5467625899280576,0.38
val,0.65,0.35,0.28,112,69,103,674,0.6187845303867403,0.5209302325581395,0.5656565656565656,0.525
test,0.65,0.35,0.28,257,230,206,1636,0.5277207392197125,0.5550755939524838,0.5410526315789473,0.36
val,0.65,0.35,0.3,108,68,107,675,0.6136363636363636,0.5023255813953489,0.5524296675191818,0.5
test,0.65,0.35,0.3,253,216,210,1650,0.5394456289978679,0.5464362850971922,0.5429184549356223,0.36
val,0.65,0.35,0.32,106,64,109,679,0.6235294117647059,0.4930232558139535,0.5506493506493507,0.5
test,0.65,0.35,0.32,251,197,212,1669,0.5602678571428571,0.5421166306695464,0.5510428100987924,0.36
val,0.65,0.35,0.34,100,61,115,682,0.6211180124223602,0.46511627906976744,0.5319148936170213,0.4
test,0.65,0.35,0.34,240,191,223,1675,0.5568445475638051,0.5183585313174947,0.5369127516778524,0.32
val,0.65,0.35,0.36,92,59,123,684,0.609271523178808,0.42790697674418604,0.5027322404371585,0.275
test,0.65,0.35,0.36,225,165,238,1701,0.5769230769230769,0.48596112311015116,0.5275498241500585,0.2
val,0.65,0.35,0.38,91,56,124,687,0.6190476190476191,0.4232558139534884,0.5027624309392266,0.275
test,0.65,0.35,0.38,220,147,243,1719,0.5994550408719346,0.47516198704103674,0.5301204819277108,0.2
val,0.65,0.35,0.4,89,53,126,690,0.6267605633802817,0.413953488372093,0.49859943977591037,0.275
test,0.65,0.35,0.4,210,133,253,1733,0.6122448979591837,0.4535637149028078,0.5210918114143921,0.18
val,0.7,0.3,0.1,149,135,66,608,0.5246478873239436,0.6930232558139535,0.597194388777555,0.65
test,0.7,0.3,0.1,329,444,134,1422,0.425614489003881,0.7105831533477321,0.5323624595469256,0.54
val,0.7,0.3,0.12,143,126,72,617,0.5315985130111525,0.6651162790697674,0.5909090909090908,0.65
test,0.7,0.3,0.12,319,402,144,1464,0.44244105409153955,0.6889848812095032,0.5388513513513513,0.5
val,0.7,0.3,0.14,137,108,78,635,0.5591836734693878,0.6372093023255814,0.5956521739130435,0.625
test,0.7,0.3,0.14,313,373,150,1493,0.45626822157434405,0.6760259179265659,0.5448215839860748,0.5
val,0.7,0.3,0.16,131,98,84,645,0.5720524017467249,0.6093023255813953,0.5900900900900901,0.6
test,0.7,0.3,0.16,306,350,157,1516,0.46646341463414637,0.6609071274298056,0.546916890080429,0.5
val,0.7,0.3,0.18,127,90,88,653,0.5852534562211982,0.5906976744186047,0.5879629629629629,0.6
test,0.7,0.3,0.18,299,326,164,1540,0.4784,0.6457883369330454,0.5496323529411764,0.48
val,0.7,0.3,0.2,125,86,90,657,0.5924170616113744,0.5813953488372093,0.5868544600938966,0.6
test,0.7,0.3,0.2,292,301,171,1565,0.4924114671163575,0.6306695464362851,0.5530303030303032,0.46
val,0.7,0.3,0.22,122,84,93,659,0.5922330097087378,0.5674418604651162,0.5795724465558194,0.575
test,0.7,0.3,0.22,282,284,181,1582,0.49823321554770317,0.6090712742980562,0.5481049562682215,0.42
val,0.7,0.3,0.24,119,77,96,666,0.6071428571428571,0.5534883720930233,0.5790754257907541,0.55
test,0.7,0.3,0.24,274,261,189,1605,0.5121495327102804,0.591792656587473,0.5490981963927856,0.4
val,0.7,0.3,0.26,114,74,101,669,0.6063829787234043,0.5302325581395348,0.56575682382134,0.525
test,0.7,0.3,0.26,269,240,194,1626,0.5284872298624754,0.5809935205183585,0.5534979423868313,0.36
val,0.7,0.3,0.28,113,72,102,671,0.6108108108108108,0.5255813953488372,0.5650000000000001,0.525
test,0.7,0.3,0.28,262,228,201,1638,0.5346938775510204,0.5658747300215983,0.5498426023084995,0.36
val,0.7,0.3,0.3,105,67,110,676,0.6104651162790697,0.4883720930232558,0.5426356589147286,0.425
test,0.7,0.3,0.3,253,214,210,1652,0.5417558886509636,0.5464362850971922,0.5440860215053764,0.32
val,0.7,0.3,0.32,101,65,114,678,0.608433734939759,0.4697674418604651,0.5301837270341208,0.375
test,0.7,0.3,0.32,236,195,227,1671,0.5475638051044084,0.509719222462203,0.5279642058165548,0.22
val,0.7,0.3,0.34,97,62,118,681,0.610062893081761,0.4511627906976744,0.5187165775401069,0.325
test,0.7,0.3,0.34,233,176,230,1690,0.5696821515892421,0.5032397408207343,0.5344036697247706,0.22
val,0.7,0.3,0.36,94,59,121,684,0.6143790849673203,0.4372093023255814,0.5108695652173914,0.275
test,0.7,0.3,0.36,224,170,239,1696,0.5685279187817259,0.4838012958963283,0.5227537922987165,0.2
val,0.7,0.3,0.38,93,58,122,685,0.6158940397350994,0.4325581395348837,0.5081967213114755,0.275
test,0.7,0.3,0.38,219,157,244,1709,0.5824468085106383,0.47300215982721383,0.5220500595947556,0.18
val,0.7,0.3,0.4,91,56,124,687,0.6190476190476191,0.4232558139534884,0.5027624309392266,0.275
test,0.7,0.3,0.4,215,143,248,1723,0.6005586592178771,0.46436285097192226,0.5237515225334958,0.18
